{
  "epoch": 4,
  "train_loss": -2227.309831891741,
  "val_loss": -2140.3992578125,
  "val_coord_mae": 0.2862373334169388,
  "val_zoom_mae": 1.3411079740524292
}