{
  "epoch": 1,
  "train_loss": 0.220579815025513,
  "val_loss": 0.21278036126494407,
  "val_coord_mae": 0.31703819149732587,
  "val_zoom_mae": 0.6109379049539566
}